range_id,e_min_mev,e_max_mev,n_cells,n_energies,cell_ids
0,0.00290113671,0.0104233904,4,4,51|53|861|863
1,0.00316860331,0.0102330478,4,3,50|54|860|864
2,0.00335988614,0.00477777309,4,0,49|55|859|865
3,0.00349801846,0.00454165891,4,0,48|56|858|866
4,0.00352535997,0.0135539548,4,27,81|83|831|833
5,0.00367589245,0.0104833928,4,5,135|149|765|779
6,0.00375,0.00378471576,4,0,76|88|826|838
7,0.00378006392,0.0130634543,4,24,80|84|830|834
8,0.00386038415,0.0104715267,4,5,77|87|827|837
9,0.00388983446,0.0122473565,4,18,165|179|735|749
10,0.00391697528,0.0123607842,4,19,79|85|829|835
11,0.00394858383,0.0114823298,4,13,78|86|828|836
12,0.00396140377,0.010814763,4,7,106|118|796|808
13,0.00420404601,0.014777103,4,34,195|209|705|719
14,0.00430902077,0.0127659467,4,22,136|148|766|778
15,0.0043098323,0.0125328264,4,20,107|117|797|807
16,0.00441629758,0.0182024591,4,53,111|113|801|803
17,0.00457382154,0.0143244527,4,32,108|116|798|806
18,0.00467036693,0.0173029064,4,48,110|114|800|804
19,0.00470756892,0.0159257924,4,41,109|115|799|805
20,0.00473546711,0.0187562791,4,55,225|239|675|689
21,0.00475581026,0.0105198853,2,5,52|862
22,0.00484127684,0.0157071738,4,40,166|178|736|748
23,0.00495452308,0.0155630979,4,39,137|147|767|777
24,0.00550593023,0.018541039,4,54,138|146|768|776
25,0.00553706919,0.0251602826,4,81,255|269|645|659
26,0.00565865566,0.0201442952,4,61,196|208|706|718
27,0.00572302741,0.0254802158,4,82,141|143|771|773
28,0.00575252869,0.0137426041,2,28,82|832
29,0.0058797137,0.0213877492,4,67,139|145|769|775
30,0.00591011855,0.0201442952,4,61,167|177|737|747
31,0.00596919131,0.0237786993,4,76,140|144|770|774
32,0.00687757041,0.0251304404,4,81,168|176|738|746
33,0.00693129409,0.0368385719,4,114,285|299|615|629
34,0.00698921888,0.027429577,4,88,226|238|676|688
35,0.00714022099,0.018541039,2,54,112|802
36,0.00736823635,0.0276835073,4,89,197|207|707|717
37,0.00765542886,0.030216219,4,97,169|175|739|745
38,0.00780277667,0.0375221006,4,115,171|173|741|743
39,0.00798978047,0.0345357693,4,108,170|174|740|744
40,0.00914568856,0.0363312332,4,113,198|206|708|716
41,0.00916805371,0.0260740266,2,84,142|772
42,0.00925492237,0.040634605,4,122,256|268|646|658
43,0.00956078298,0.0616479309,4,158,315|329|585|599
44,0.00988773758,0.0405792627,4,122,227|237|677|687
45,0.01,0.0387520023,2,118,172|742
46,0.01,0.045533304,4,132,199|205|709|715
47,0.01,0.0535012812,4,146,200|204|710|714
48,0.01,0.0570660995,4,152,228|236|678|686
49,0.01,0.0594822234,4,155,201|203|711|713
50,0.01,0.0617156344,2,159,202|712
51,0.01,0.0664371824,4,165,257|267|647|657
52,0.01,0.0694128007,4,169,286|298|616|628
53,0.01,0.0752381692,4,176,229|235|679|685
54,0.01,0.0925727663,4,194,230|234|680|684
55,0.01,0.102448417,4,203,258|266|648|656
56,0.01,0.105320098,4,205,231|233|681|683
57,0.01,0.110286222,2,209,232|682
58,0.01,0.1301839,4,223,287|297|617|627
59,0.01,0.132308481,4,225,345|359|555|569
60,0.01,0.146751751,4,234,259|265|649|655
61,0.01,0.152065747,4,237,316|328|586|598
62,0.01,0.193483227,4,258,260|264|650|654
63,0.01,0.232639439,4,274,261|263|651|653
64,0.01,0.240264908,4,277,288|296|618|626
65,0.01,0.249286264,2,280,262|652
66,0.01,0.42315785,4,326,317|327|587|597
67,0.01,0.431337691,4,327,289|295|619|625
68,0.01,0.730232899,4,373,375|389|525|539
69,0.01,0.74633957,4,375,290|294|620|624
70,0.01,0.837177537,4,385,346|358|556|568
71,0.01,1.13508272,4,412,291|293|621|623
72,0.01,1.33987268,2,426,292|622
73,0.01,1.671681,4,445,318|326|588|596
74,0.01,4.20060317,4,525,319|325|589|595
75,0.01,4.98136855,4,540,347|357|557|567
76,0.01,5.93453497,4,555,320|324|590|594
77,0.01,6.87731172,4,568,321|323|591|593
78,0.01,7.20159534,2,572,322|592
79,0.01,8.08574404,4,582,376|388|526|538
80,0.01,8.57959393,4,587,348|356|558|566
81,0.01,10.1282552,4,602,405|419|495|509
82,0.01,10.6540261,4,606,349|355|559|565
83,0.01,11.7905962,4,615,350|354|560|564
84,0.01,12.403572,4,619,351|353|561|563
85,0.01,12.460853,4,620,377|387|527|537
86,0.01,12.6342881,2,621,352|562
87,0.01,14.5741015,4,633,378|386|528|536
88,0.01,15.6890916,4,640,379|385|529|535
89,0.01,15.9074586,4,641,406|418|496|508
90,0.01,16.3533527,4,643,380|384|530|534
91,0.01,16.6575377,4,645,381|383|531|533
92,0.01,16.8117455,2,646,382|532
93,0.01,17.9319209,4,651,407|417|497|507
94,0.01,18.7774588,4,655,408|416|498|506
95,0.01,18.9512918,4,656,435|449|465|479
96,0.01,19.2150634,4,657,409|415|499|505
97,0.01,19.4825062,4,658,410|414|500|504
98,0.01,19.5724784,6,659,411|412|413|501|502|503
99,0.01,20.5900228,4,663,436|448|466|478
100,0.01,20.7806357,4,664,437|447|467|477
101,0.01,20.8766029,4,664,438|446|468|476
102,0.01,20.9730132,14,665,439|440|441|442|443|444|445|469|470|471|472|473|474|475
103,21.4585036,100,14,134,424|425|426|427|428|429|430|454|455|456|457|458|459|460
104,21.5576013,100,4,134,423|431|453|461
105,21.6555122,100,4,133,422|432|452|462
106,21.8626201,100,4,133,421|433|451|463
107,22.8605859,100,6,129,396|397|398|486|487|488
108,22.8890486,100,4,129,420|434|450|464
109,22.9661585,100,4,128,395|399|485|489
110,23.2041279,100,4,127,394|400|484|490
111,23.6195509,100,4,126,393|401|483|491
112,24.3755,100,4,123,392|402|482|492
113,25.5995481,100,2,119,367|517
114,25.7082858,100,4,118,366|368|516|518
115,25.9902161,100,4,118,365|369|515|519
116,26.1192377,100,4,117,391|403|481|493
117,26.577975,100,4,116,364|370|514|520
118,27.5847937,100,4,112,363|371|513|521
119,29.533752,100,4,106,362|372|512|522
120,29.7169284,100,2,106,337|547
121,29.8608011,100,4,105,336|338|546|548
122,30.4609673,100,4,104,335|339|545|549
123,31.4773793,100,4,101,334|340|544|550
124,31.9456807,100,4,100,390|404|480|494
125,33.4150747,100,4,96,333|341|543|551
126,33.5834345,100,4,95,361|373|511|523
127,35.1536872,100,2,91,307|577
128,35.3867043,100,4,91,306|308|576|578
129,36.2002574,100,4,89,305|309|575|579
130,36.7715827,100,4,87,332|342|542|552
131,37.9233545,100,4,85,304|310|574|580
132,40.6940619,100,4,79,303|311|573|581
133,41.7983392,100,2,76,277|607
134,42.0945798,100,4,76,276|278|606|608
135,43.0119355,100,4,74,331|343|541|553
136,43.3149398,100,4,73,275|279|605|609
137,43.6018578,100,4,73,360|374|510|524
138,45.4089412,100,4,69,302|312|572|582
139,45.5387926,100,4,69,274|280|604|610
140,49.2420164,100,4,62,273|281|603|611
141,49.5175113,100,2,62,247|637
142,50.0281834,100,4,61,246|248|636|638
143,51.5330378,100,4,58,245|249|635|639
144,53.5946476,100,4,55,301|313|571|583
145,54.3962532,100,4,53,244|250|634|640
146,55.2782217,100,4,52,272|282|602|612
147,55.866538,100,4,51,330|344|540|554
148,58.3453507,100,2,47,217|667
149,58.8690998,100,4,47,243|251|633|641
150,59.0033253,100,4,46,216|218|666|668
151,60.7415604,100,4,44,215|219|665|669
152,63.9985295,100,4,39,214|220|664|670
153,64.964377,100,4,38,271|283|601|613
154,65.8420628,100,4,37,242|252|632|642
155,68.055921,100,4,34,300|314|570|584
156,68.2018154,100,2,34,187|697
157,68.9709437,100,4,33,186|188|696|698
158,69.1721139,100,4,33,213|221|663|671
159,70.8824484,100,4,30,185|189|695|699
160,74.4741068,100,4,26,184|190|694|700
161,76.2927604,100,4,24,241|253|631|643
162,76.554526,100,4,24,212|222|662|672
163,79.0159304,100,2,21,157|727
164,79.6836942,100,4,20,156|158|726|728
165,79.7598986,100,4,20,183|191|693|701
166,79.914387,100,4,20,270|284|600|614
167,81.744103,100,4,18,155|159|725|729
168,85.4181173,100,4,14,154|160|724|730
169,87.2478849,100,4,12,211|223|661|673
170,87.5568411,100,4,12,182|192|692|702
171,90.5905449,100,2,9,127|757
172,91.0534967,100,4,9,153|161|723|731
173,91.0707497,100,4,9,126|128|756|758
174,91.3338221,100,4,8,240|254|630|644
175,93.2875411,100,4,7,125|129|755|759
176,96.9581383,100,4,3,124|130|754|760
177,98.2545283,100,4,2,181|193|691|703
178,98.6363201,100,4,2,152|162|722|732
